,make,fuel-type,aspiration,num-of-doors,body-style,drive-wheels,engine-location,wheel-base,length,width,height,curb-weight,engine-type,num-of-cylinders,engine-size,fuel-system,bore,stroke,compression-ratio,horsepower,peak-rpm,city-mpg,highway-mpg,price
0,audi,gas,std,four,sedan,Front Wheel Drive,front,99.8,176.6,66.2,54.3,2337,ohc,four,109,mpfi,3.19,3.4,10,102,5500,24,30,13950
1,audi,gas,std,four,sedan,Four Wheel Drive,front,99.4,176.6,66.4,54.3,2824,ohc,five,136,mpfi,3.19,3.4,8,115,5500,18,22,17450
2,audi,gas,std,two,sedan,Front Wheel Drive,front,99.8,177.3,66.3,53.1,2507,ohc,five,136,mpfi,3.19,3.4,8.5,110,5500,19,25,15250
3,audi,gas,std,four,sedan,Front Wheel Drive,front,105.8,192.7,71.4,55.7,2844,ohc,five,136,mpfi,3.19,3.4,8.5,110,5500,19,25,17710
4,audi,gas,std,four,wagon,Front Wheel Drive,front,105.8,192.7,71.4,55.7,2954,ohc,five,136,mpfi,3.19,3.4,8.5,110,5500,19,25,18920
5,audi,gas,turbo,four,sedan,Front Wheel Drive,front,105.8,192.7,71.4,55.9,3086,ohc,five,131,mpfi,3.13,3.4,8.3,140,5500,17,20,23875
6,audi,gas,turbo,two,hatchback,Four Wheel Drive,front,99.5,178.2,67.9,52,3053,ohc,five,131,mpfi,3.13,3.4,7,160,5500,16,22,17859.1666666667
7,bmw,gas,std,two,sedan,Rear Wheel Drive,front,101.2,176.8,64.8,54.3,2395,ohc,four,108,mpfi,3.5,2.8,8.8,101,5800,23,29,16430
8,bmw,gas,std,four,sedan,Rear Wheel Drive,front,101.2,176.8,64.8,54.3,2395,ohc,four,108,mpfi,3.5,2.8,8.8,101,5800,23,29,16925
9,bmw,gas,std,two,sedan,Rear Wheel Drive,front,101.2,176.8,64.8,54.3,2710,ohc,six,164,mpfi,3.31,3.19,9,121,4250,21,28,20970
10,bmw,gas,std,four,sedan,Rear Wheel Drive,front,101.2,176.8,64.8,54.3,2765,ohc,six,164,mpfi,3.31,3.19,9,121,4250,21,28,21105
11,bmw,gas,std,four,sedan,Rear Wheel Drive,front,103.5,189,66.9,55.7,3055,ohc,six,164,mpfi,3.31,3.19,9,121,4250,20,25,24565
12,bmw,gas,std,four,sedan,Rear Wheel Drive,front,103.5,189,66.9,55.7,3230,ohc,six,209,mpfi,3.62,3.39,8,182,5400,16,22,30760
13,bmw,gas,std,two,sedan,Rear Wheel Drive,front,103.5,193.8,67.9,53.7,3380,ohc,six,209,mpfi,3.62,3.39,8,182,5400,16,22,41315
14,bmw,gas,std,four,sedan,Rear Wheel Drive,front,110,197,70.9,56.3,3505,ohc,six,209,mpfi,3.62,3.39,8,182,5400,15,20,36880
15,chevrolet,gas,std,two,hatchback,Front Wheel Drive,front,88.4,141.1,60.3,53.2,1488,l,three,61,2bbl,2.91,3.03,9.5,48,5100,47,53,5151
16,chevrolet,gas,std,two,hatchback,Front Wheel Drive,front,94.5,155.9,63.6,52,1874,ohc,four,90,2bbl,3.03,3.11,9.6,70,5400,38,43,6295
17,chevrolet,gas,std,four,sedan,Front Wheel Drive,front,94.5,158.8,63.6,52,1909,ohc,four,90,2bbl,3.03,3.11,9.6,70,5400,38,43,6575
18,dodge,gas,std,two,hatchback,Front Wheel Drive,front,93.7,157.3,63.8,50.8,1876,ohc,four,90,2bbl,2.97,3.23,9.41,68,5500,37,41,5572
19,dodge,gas,std,two,hatchback,Front Wheel Drive,front,93.7,157.3,63.8,50.8,1876,ohc,four,90,2bbl,2.97,3.23,9.4,68,5500,31,38,6377
20,dodge,gas,turbo,two,hatchback,Front Wheel Drive,front,93.7,157.3,63.8,50.8,2128,ohc,four,98,mpfi,3.03,3.39,7.6,102,5500,24,30,7957
21,dodge,gas,std,four,hatchback,Front Wheel Drive,front,93.7,157.3,63.8,50.6,1967,ohc,four,90,2bbl,2.97,3.23,9.4,68,5500,31,38,6229
22,dodge,gas,std,four,sedan,Front Wheel Drive,front,93.7,157.3,63.8,50.6,1989,ohc,four,90,2bbl,2.97,3.23,9.4,68,5500,31,38,6692
23,dodge,gas,std,four,sedan,Front Wheel Drive,front,93.7,157.3,63.8,50.6,1989,ohc,four,90,2bbl,2.97,3.23,9.4,68,5500,31,38,7609
25,dodge,gas,std,four,wagon,Front Wheel Drive,front,103.3,174.6,64.6,59.8,2535,ohc,four,122,2bbl,3.34,3.46,8.5,88,5000,24,30,8921
26,dodge,gas,turbo,two,hatchback,Front Wheel Drive,front,95.9,173.2,66.3,50.2,2811,ohc,four,156,mfi,3.6,3.9,7,145,5000,19,24,12964
27,honda,gas,std,two,hatchback,Front Wheel Drive,front,86.6,144.6,63.9,50.8,1713,ohc,four,92,1bbl,2.91,3.41,9.6,58,4800,49,54,6479
28,honda,gas,std,two,hatchback,Front Wheel Drive,front,86.6,144.6,63.9,50.8,1819,ohc,four,92,1bbl,2.91,3.41,9.2,76,6000,31,38,6855
29,honda,gas,std,two,hatchback,Front Wheel Drive,front,93.7,150,64,52.6,1837,ohc,four,79,1bbl,2.91,3.07,10.1,60,5500,38,42,5399
30,honda,gas,std,two,hatchback,Front Wheel Drive,front,93.7,150,64,52.6,1940,ohc,four,92,1bbl,2.91,3.41,9.2,76,6000,30,34,6529
31,honda,gas,std,two,hatchback,Front Wheel Drive,front,93.7,150,64,52.6,1956,ohc,four,92,1bbl,2.91,3.41,9.2,76,6000,30,34,7129
32,honda,gas,std,four,sedan,Front Wheel Drive,front,96.5,163.4,64,54.5,2010,ohc,four,92,1bbl,2.91,3.41,9.2,76,6000,30,34,7295
33,honda,gas,std,four,wagon,Front Wheel Drive,front,96.5,157.1,63.9,58.3,2024,ohc,four,92,1bbl,2.92,3.41,9.2,76,6000,30,34,7295
34,honda,gas,std,two,hatchback,Front Wheel Drive,front,96.5,167.5,65.2,53.3,2236,ohc,four,110,1bbl,3.15,3.58,9,86,5800,27,33,7895
35,honda,gas,std,two,hatchback,Front Wheel Drive,front,96.5,167.5,65.2,53.3,2289,ohc,four,110,1bbl,3.15,3.58,9,86,5800,27,33,9095
36,honda,gas,std,four,sedan,Front Wheel Drive,front,96.5,175.4,65.2,54.1,2304,ohc,four,110,1bbl,3.15,3.58,9,86,5800,27,33,8845
37,honda,gas,std,four,sedan,Front Wheel Drive,front,96.5,175.4,62.5,54.1,2372,ohc,four,110,1bbl,3.15,3.58,9,86,5800,27,33,10295
38,honda,gas,std,four,sedan,Front Wheel Drive,front,96.5,175.4,65.2,54.1,2465,ohc,four,110,mpfi,3.15,3.58,9,101,5800,24,28,12945
39,honda,gas,std,two,sedan,Front Wheel Drive,front,96.5,169.1,66,51,2293,ohc,four,110,2bbl,3.15,3.58,9.1,100,5500,25,31,10345
40,jaguar,gas,std,four,sedan,Rear Wheel Drive,front,113,199.6,69.6,52.8,4066,dohc,six,258,mpfi,3.63,4.17,8.1,176,4750,15,19,32250
41,mazda,gas,std,two,hatchback,Front Wheel Drive,front,93.1,159.1,64.2,54.1,1890,ohc,four,91,2bbl,3.03,3.15,9,68,5000,30,31,5195
42,mazda,gas,std,two,hatchback,Front Wheel Drive,front,93.1,159.1,64.2,54.1,1900,ohc,four,91,2bbl,3.03,3.15,9,68,5000,31,38,6095
43,mazda,gas,std,two,hatchback,Front Wheel Drive,front,93.1,159.1,64.2,54.1,1905,ohc,four,91,2bbl,3.03,3.15,9,68,5000,31,38,6795
44,mazda,gas,std,four,sedan,Front Wheel Drive,front,93.1,166.8,64.2,54.1,1945,ohc,four,91,2bbl,3.03,3.15,9,68,5000,31,38,6695
45,mazda,gas,std,four,sedan,Front Wheel Drive,front,93.1,166.8,64.2,54.1,1950,ohc,four,91,2bbl,3.08,3.15,9,68,5000,31,38,7395
50,mazda,gas,std,two,hatchback,Front Wheel Drive,front,98.8,177.8,66.5,53.7,2385,ohc,four,122,2bbl,3.39,3.39,8.6,84,4800,26,32,8845
51,mazda,gas,std,four,sedan,Front Wheel Drive,front,98.8,177.8,66.5,55.5,2410,ohc,four,122,2bbl,3.39,3.39,8.6,84,4800,26,32,8495
52,mazda,gas,std,two,hatchback,Front Wheel Drive,front,98.8,177.8,66.5,53.7,2385,ohc,four,122,2bbl,3.39,3.39,8.6,84,4800,26,32,10595
53,mazda,gas,std,four,sedan,Front Wheel Drive,front,98.8,177.8,66.5,55.5,2410,ohc,four,122,2bbl,3.39,3.39,8.6,84,4800,26,32,10245
55,mazda,gas,std,four,hatchback,Front Wheel Drive,front,98.8,177.8,66.5,55.5,2425,ohc,four,122,2bbl,3.39,3.39,8.6,84,4800,26,32,11245
56,mazda,gas,std,four,sedan,Rear Wheel Drive,front,104.9,175,66.1,54.4,2670,ohc,four,140,mpfi,3.76,3.16,8,120,5000,19,27,18280
57,mazda,diesel,std,four,sedan,Rear Wheel Drive,front,104.9,175,66.1,54.4,2700,ohc,four,134,idi,3.43,3.64,22,72,4200,31,39,18344
58,mercedes-benz,diesel,turbo,four,sedan,Rear Wheel Drive,front,110,190.9,70.3,56.5,3515,ohc,five,183,idi,3.58,3.64,21.5,123,4350,22,25,25552
59,mercedes-benz,diesel,turbo,four,wagon,Rear Wheel Drive,front,110,190.9,70.3,58.7,3750,ohc,five,183,idi,3.58,3.64,21.5,123,4350,22,25,28248
60,mercedes-benz,diesel,turbo,two,hardtop,Rear Wheel Drive,front,106.7,187.5,70.3,54.9,3495,ohc,five,183,idi,3.58,3.64,21.5,123,4350,22,25,28176
61,mercedes-benz,diesel,turbo,four,sedan,Rear Wheel Drive,front,115.6,202.6,71.7,56.3,3770,ohc,five,183,idi,3.58,3.64,21.5,123,4350,22,25,31600
62,mercedes-benz,gas,std,four,sedan,Rear Wheel Drive,front,115.6,202.6,71.7,56.5,3740,ohcv,eight,234,mpfi,3.46,3.1,8.3,155,4750,16,18,34184
63,mercedes-benz,gas,std,two,convertible,Rear Wheel Drive,front,96.6,180.3,70.5,50.8,3685,ohcv,eight,234,mpfi,3.46,3.1,8.3,155,4750,16,18,35056
64,mercedes-benz,gas,std,four,sedan,Rear Wheel Drive,front,120.9,208.1,71.7,56.7,3900,ohcv,eight,308,mpfi,3.8,3.35,8,184,4500,14,16,40960
65,mercedes-benz,gas,std,two,hardtop,Rear Wheel Drive,front,112,199.2,72,55.4,3715,ohcv,eight,304,mpfi,3.8,3.35,8,184,4500,14,16,45400
66,mitsubishi,gas,std,two,hatchback,Front Wheel Drive,front,93.7,157.3,64.4,50.8,1918,ohc,four,92,2bbl,2.97,3.23,9.4,68,5500,37,41,5389
67,mitsubishi,gas,std,two,hatchback,Front Wheel Drive,front,93.7,157.3,64.4,50.8,1944,ohc,four,92,2bbl,2.97,3.23,9.4,68,5500,31,38,6189
68,mitsubishi,gas,std,two,hatchback,Front Wheel Drive,front,93.7,157.3,64.4,50.8,2004,ohc,four,92,2bbl,2.97,3.23,9.4,68,5500,31,38,6669
69,mitsubishi,gas,turbo,two,hatchback,Front Wheel Drive,front,93,157.3,63.8,50.8,2145,ohc,four,98,spdi,3.03,3.39,7.6,102,5500,24,30,7689
70,mitsubishi,gas,turbo,two,hatchback,Front Wheel Drive,front,96.3,173,65.4,49.4,2370,ohc,four,110,spdi,3.17,3.46,7.5,116,5500,23,30,9959
71,mitsubishi,gas,std,two,hatchback,Front Wheel Drive,front,96.3,173,65.4,49.4,2328,ohc,four,122,2bbl,3.35,3.46,8.5,88,5000,25,32,8499
72,mitsubishi,gas,turbo,two,hatchback,Front Wheel Drive,front,95.9,173.2,66.3,50.2,2833,ohc,four,156,spdi,3.58,3.86,7,145,5000,19,24,12629
73,mitsubishi,gas,turbo,two,hatchback,Front Wheel Drive,front,95.9,173.2,66.3,50.2,2921,ohc,four,156,spdi,3.59,3.86,7,145,5000,19,24,14869
74,mitsubishi,gas,turbo,two,hatchback,Front Wheel Drive,front,95.9,173.2,66.3,50.2,2926,ohc,four,156,spdi,3.59,3.86,7,145,5000,19,24,14489
75,mitsubishi,gas,std,four,sedan,Front Wheel Drive,front,96.3,172.4,65.4,51.6,2365,ohc,four,122,2bbl,3.35,3.46,8.5,88,5000,25,32,6989
76,mitsubishi,gas,std,four,sedan,Front Wheel Drive,front,96.3,172.4,65.4,51.6,2405,ohc,four,122,2bbl,3.35,3.46,8.5,88,5000,25,32,8189
77,mitsubishi,gas,turbo,four,sedan,Front Wheel Drive,front,96.3,172.4,65.4,51.6,2403,ohc,four,110,spdi,3.17,3.46,7.5,116,5500,23,30,9279
78,mitsubishi,gas,std,four,sedan,Front Wheel Drive,front,96.3,172.4,65.4,51.6,2403,ohc,four,110,spdi,3.17,3.46,7.5,116,5500,23,30,9279
79,nissan,gas,std,two,sedan,Front Wheel Drive,front,94.5,165.3,63.8,54.5,1889,ohc,four,97,2bbl,3.15,3.29,9.4,69,5200,31,37,5499
80,nissan,diesel,std,two,sedan,Front Wheel Drive,front,94.5,165.3,63.8,54.5,2017,ohc,four,103,idi,2.99,3.47,21.9,55,4800,45,50,7099
81,nissan,gas,std,two,sedan,Front Wheel Drive,front,94.5,165.3,63.8,54.5,1918,ohc,four,97,2bbl,3.15,3.29,9.4,69,5200,31,37,6649
82,nissan,gas,std,four,sedan,Front Wheel Drive,front,94.5,165.3,63.8,54.5,1938,ohc,four,97,2bbl,3.15,3.29,9.4,69,5200,31,37,6849
83,nissan,gas,std,four,wagon,Front Wheel Drive,front,94.5,170.2,63.8,53.5,2024,ohc,four,97,2bbl,3.15,3.29,9.4,69,5200,31,37,7349
84,nissan,gas,std,two,sedan,Front Wheel Drive,front,94.5,165.3,63.8,54.5,1951,ohc,four,97,2bbl,3.15,3.29,9.4,69,5200,31,37,7299
85,nissan,gas,std,two,hatchback,Front Wheel Drive,front,94.5,165.6,63.8,53.3,2028,ohc,four,97,2bbl,3.15,3.29,9.4,69,5200,31,37,7799
86,nissan,gas,std,four,sedan,Front Wheel Drive,front,94.5,165.3,63.8,54.5,1971,ohc,four,97,2bbl,3.15,3.29,9.4,69,5200,31,37,7499
87,nissan,gas,std,four,wagon,Front Wheel Drive,front,94.5,170.2,63.8,53.5,2037,ohc,four,97,2bbl,3.15,3.29,9.4,69,5200,31,37,7999
88,nissan,gas,std,two,hardtop,Front Wheel Drive,front,95.1,162.4,63.8,53.3,2008,ohc,four,97,2bbl,3.15,3.29,9.4,69,5200,31,37,8249
89,nissan,gas,std,four,hatchback,Front Wheel Drive,front,97.2,173.4,65.2,54.7,2324,ohc,four,120,2bbl,3.33,3.47,8.5,97,5200,27,34,8949
90,nissan,gas,std,four,sedan,Front Wheel Drive,front,97.2,173.4,65.2,54.7,2302,ohc,four,120,2bbl,3.33,3.47,8.5,97,5200,27,34,9549
91,nissan,gas,std,four,sedan,Front Wheel Drive,front,100.4,181.7,66.5,55.1,3095,ohcv,six,181,mpfi,3.43,3.27,9,152,5200,17,22,13499
92,nissan,gas,std,four,wagon,Front Wheel Drive,front,100.4,184.6,66.5,56.1,3296,ohcv,six,181,mpfi,3.43,3.27,9,152,5200,17,22,14399
93,nissan,gas,std,four,sedan,Front Wheel Drive,front,100.4,184.6,66.5,55.1,3060,ohcv,six,181,mpfi,3.43,3.27,9,152,5200,19,25,13499
94,nissan,gas,std,two,hatchback,Rear Wheel Drive,front,91.3,170.7,67.9,49.7,3071,ohcv,six,181,mpfi,3.43,3.27,9,160,5200,19,25,17199
95,nissan,gas,turbo,two,hatchback,Rear Wheel Drive,front,91.3,170.7,67.9,49.7,3139,ohcv,six,181,mpfi,3.43,3.27,7.8,200,5200,17,23,19699
96,nissan,gas,std,two,hatchback,Rear Wheel Drive,front,99.2,178.5,67.9,49.7,3139,ohcv,six,181,mpfi,3.43,3.27,9,160,5200,19,25,18399
97,peugot,gas,std,four,sedan,Rear Wheel Drive,front,107.9,186.7,68.4,56.7,3020,l,four,120,mpfi,3.46,3.19,8.4,97,5000,19,24,11900
98,peugot,diesel,turbo,four,sedan,Rear Wheel Drive,front,107.9,186.7,68.4,56.7,3197,l,four,152,idi,3.7,3.52,21,95,4150,28,33,13200
99,peugot,gas,std,four,wagon,Rear Wheel Drive,front,114.2,198.9,68.4,58.7,3230,l,four,120,mpfi,3.46,3.19,8.4,97,5000,19,24,12440
100,peugot,diesel,turbo,four,wagon,Rear Wheel Drive,front,114.2,198.9,68.4,58.7,3430,l,four,152,idi,3.7,3.52,21,95,4150,25,25,13860
101,peugot,gas,std,four,sedan,Rear Wheel Drive,front,107.9,186.7,68.4,56.7,3075,l,four,120,mpfi,3.46,2.19,8.4,95,5000,19,24,15580
102,peugot,diesel,turbo,four,sedan,Rear Wheel Drive,front,107.9,186.7,68.4,56.7,3252,l,four,152,idi,3.7,3.52,21,95,4150,28,33,16900
103,peugot,gas,std,four,wagon,Rear Wheel Drive,front,114.2,198.9,68.4,56.7,3285,l,four,120,mpfi,3.46,2.19,8.4,95,5000,19,24,16695
104,peugot,diesel,turbo,four,wagon,Rear Wheel Drive,front,114.2,198.9,68.4,58.7,3485,l,four,152,idi,3.7,3.52,21,95,4150,25,25,17075
105,peugot,gas,std,four,sedan,Rear Wheel Drive,front,107.9,186.7,68.4,56.7,3075,l,four,120,mpfi,3.46,3.19,8.4,97,5000,19,24,16630
106,peugot,diesel,turbo,four,sedan,Rear Wheel Drive,front,107.9,186.7,68.4,56.7,3252,l,four,152,idi,3.7,3.52,21,95,4150,28,33,17950
107,peugot,gas,turbo,four,sedan,Rear Wheel Drive,front,108,186.7,68.3,56,3130,l,four,134,mpfi,3.61,3.21,7,142,5600,18,24,18150
108,plymouth,gas,std,two,hatchback,Front Wheel Drive,front,93.7,157.3,63.8,50.8,1918,ohc,four,90,2bbl,2.97,3.23,9.4,68,5500,37,41,5572
109,plymouth,gas,turbo,two,hatchback,Front Wheel Drive,front,93.7,157.3,63.8,50.8,2128,ohc,four,98,spdi,3.03,3.39,7.6,102,5500,24,30,7957
110,plymouth,gas,std,four,hatchback,Front Wheel Drive,front,93.7,157.3,63.8,50.6,1967,ohc,four,90,2bbl,2.97,3.23,9.4,68,5500,31,38,6229
111,plymouth,gas,std,four,sedan,Front Wheel Drive,front,93.7,167.3,63.8,50.8,1989,ohc,four,90,2bbl,2.97,3.23,9.4,68,5500,31,38,6692
112,plymouth,gas,std,four,sedan,Front Wheel Drive,front,93.7,167.3,63.8,50.8,2191,ohc,four,98,2bbl,2.97,3.23,9.4,68,5500,31,38,7609
113,plymouth,gas,std,four,wagon,Front Wheel Drive,front,103.3,174.6,64.6,59.8,2535,ohc,four,122,2bbl,3.35,3.46,8.5,88,5000,24,30,8921
114,plymouth,gas,turbo,two,hatchback,Rear Wheel Drive,front,95.9,173.2,66.3,50.2,2818,ohc,four,156,spdi,3.59,3.86,7,145,5000,19,24,12764
115,porsche,gas,std,two,hatchback,Rear Wheel Drive,front,94.5,168.9,68.3,50.2,2778,ohc,four,151,mpfi,3.94,3.11,9.5,143,5500,19,27,22018
116,saab,gas,std,two,hatchback,Front Wheel Drive,front,99.1,186.6,66.5,56.1,2658,ohc,four,121,mpfi,3.54,3.07,9.31,110,5250,21,28,11850
117,saab,gas,std,four,sedan,Front Wheel Drive,front,99.1,186.6,66.5,56.1,2695,ohc,four,121,mpfi,3.54,3.07,9.3,110,5250,21,28,12170
118,saab,gas,std,two,hatchback,Front Wheel Drive,front,99.1,186.6,66.5,56.1,2707,ohc,four,121,mpfi,2.54,2.07,9.3,110,5250,21,28,15040
119,saab,gas,std,four,sedan,Front Wheel Drive,front,99.1,186.6,66.5,56.1,2758,ohc,four,121,mpfi,3.54,3.07,9.3,110,5250,21,28,15510
120,saab,gas,turbo,two,hatchback,Front Wheel Drive,front,99.1,186.6,66.5,56.1,2808,dohc,four,121,mpfi,3.54,3.07,9,160,5500,19,26,18150
121,saab,gas,turbo,four,sedan,Front Wheel Drive,front,99.1,186.6,66.5,56.1,2847,dohc,four,121,mpfi,3.54,3.07,9,160,5500,19,26,18620
122,subaru,gas,std,two,hatchback,Front Wheel Drive,front,93.7,156.9,63.4,53.7,2050,ohcf,four,97,2bbl,3.62,2.36,9,69,4900,31,36,5118
123,subaru,gas,std,two,hatchback,Front Wheel Drive,front,93.7,157.9,63.6,53.7,2120,ohcf,four,108,2bbl,3.62,2.64,8.7,73,4400,26,31,7053
124,subaru,gas,std,two,hatchback,Four Wheel Drive,front,93.3,157.3,63.8,55.7,2240,ohcf,four,108,2bbl,3.62,2.64,8.7,73,4400,26,31,7603
125,subaru,gas,std,four,sedan,Front Wheel Drive,front,97.2,172,65.4,52.5,2145,ohcf,four,108,2bbl,3.62,2.64,9.5,82,4800,32,37,7126
126,subaru,gas,std,four,sedan,Front Wheel Drive,front,97.2,172,65.4,52.5,2190,ohcf,four,108,2bbl,3.62,2.64,9.5,82,4400,28,33,7775
127,subaru,gas,std,four,sedan,Front Wheel Drive,front,97.2,172,65.4,52.5,2340,ohcf,four,108,mpfi,3.62,2.64,9,94,5200,26,32,9960
128,subaru,gas,std,four,sedan,Four Wheel Drive,front,97,172,65.4,54.3,2385,ohcf,four,108,2bbl,3.62,2.64,9,82,4800,24,25,9233
129,subaru,gas,turbo,four,sedan,Four Wheel Drive,front,97,172,65.4,54.3,2510,ohcf,four,108,mpfi,3.62,2.64,7.7,111,4800,24,29,11259
130,subaru,gas,std,four,wagon,Front Wheel Drive,front,97,173.5,65.4,53,2290,ohcf,four,108,2bbl,3.62,2.64,9,82,4800,28,32,7463
131,subaru,gas,std,four,wagon,Front Wheel Drive,front,97,173.5,65.4,53,2455,ohcf,four,108,mpfi,3.62,2.64,9,94,5200,25,31,10198
132,subaru,gas,std,four,wagon,Four Wheel Drive,front,96.9,173.6,65.4,54.9,2420,ohcf,four,108,2bbl,3.62,2.64,9,82,4800,23,29,8013
133,subaru,gas,turbo,four,wagon,Four Wheel Drive,front,96.9,173.6,65.4,54.9,2650,ohcf,four,108,mpfi,3.62,2.64,7.7,111,4800,23,23,11694
134,toyota,gas,std,two,hatchback,Front Wheel Drive,front,95.7,158.7,63.6,54.5,1985,ohc,four,92,2bbl,3.05,3.03,9,62,4800,35,39,5348
135,toyota,gas,std,two,hatchback,Front Wheel Drive,front,95.7,158.7,63.6,54.5,2040,ohc,four,92,2bbl,3.05,3.03,9,62,4800,31,38,6338
136,toyota,gas,std,four,hatchback,Front Wheel Drive,front,95.7,158.7,63.6,54.5,2015,ohc,four,92,2bbl,3.05,3.03,9,62,4800,31,38,6488
137,toyota,gas,std,four,wagon,Front Wheel Drive,front,95.7,169.7,63.6,59.1,2280,ohc,four,92,2bbl,3.05,3.03,9,62,4800,31,37,6918
138,toyota,gas,std,four,wagon,Four Wheel Drive,front,95.7,169.7,63.6,59.1,2290,ohc,four,92,2bbl,3.05,3.03,9,62,4800,27,32,7898
139,toyota,gas,std,four,wagon,Four Wheel Drive,front,95.7,169.7,63.6,59.1,3110,ohc,four,92,2bbl,3.05,3.03,9,62,4800,27,32,8778
140,toyota,gas,std,four,sedan,Front Wheel Drive,front,95.7,166.3,64.4,53,2081,ohc,four,98,2bbl,3.19,3.03,9,70,4800,30,37,6938
141,toyota,gas,std,four,hatchback,Front Wheel Drive,front,95.7,166.3,64.4,52.8,2109,ohc,four,98,2bbl,3.19,3.03,9,70,4800,30,37,7198
142,toyota,diesel,std,four,sedan,Front Wheel Drive,front,95.7,166.3,64.4,53,2275,ohc,four,110,idi,3.27,3.35,22.5,56,4500,34,36,7898
143,toyota,diesel,std,four,hatchback,Front Wheel Drive,front,95.7,166.3,64.4,52.8,2275,ohc,four,110,idi,3.27,3.35,22.5,56,4500,38,47,7788
144,toyota,gas,std,four,sedan,Front Wheel Drive,front,95.7,166.3,64.4,53,2094,ohc,four,98,2bbl,3.19,3.03,9,70,4800,38,47,7738
145,toyota,gas,std,four,hatchback,Front Wheel Drive,front,95.7,166.3,64.4,52.8,2122,ohc,four,98,2bbl,3.19,3.03,9,70,4800,28,34,8358
146,toyota,gas,std,four,sedan,Front Wheel Drive,front,95.7,166.3,64.4,52.8,2140,ohc,four,98,2bbl,3.19,3.03,9,70,4800,28,34,9258
147,toyota,gas,std,two,sedan,Rear Wheel Drive,front,94.5,168.7,64,52.6,2169,ohc,four,98,2bbl,3.19,3.03,9,70,4800,29,34,8058
148,toyota,gas,std,two,hatchback,Rear Wheel Drive,front,94.5,168.7,64,52.6,2204,ohc,four,98,2bbl,3.19,3.03,9,70,4800,29,34,8238
149,toyota,gas,std,two,sedan,Rear Wheel Drive,front,94.5,168.7,64,52.6,2265,dohc,four,98,mpfi,3.24,3.08,9.4,112,6600,26,29,9298
150,toyota,gas,std,two,hatchback,Rear Wheel Drive,front,94.5,168.7,64,52.6,2300,dohc,four,98,mpfi,3.24,3.08,9.4,112,6600,26,29,9538
151,toyota,gas,std,two,hardtop,Rear Wheel Drive,front,98.4,176.2,65.6,52,2540,ohc,four,146,mpfi,3.62,3.5,9.3,116,4800,24,30,8449
152,toyota,gas,std,two,hardtop,Rear Wheel Drive,front,98.4,176.2,65.6,52,2536,ohc,four,146,mpfi,3.62,3.5,9.3,116,4800,24,30,9639
153,toyota,gas,std,two,hatchback,Rear Wheel Drive,front,98.4,176.2,65.6,52,2551,ohc,four,146,mpfi,3.62,3.5,9.3,116,4800,24,30,9989
154,toyota,gas,std,two,hardtop,Rear Wheel Drive,front,98.4,176.2,65.6,52,2679,ohc,four,146,mpfi,3.62,3.5,9.3,116,4800,24,30,11199
155,toyota,gas,std,two,hatchback,Rear Wheel Drive,front,98.4,176.2,65.6,52,2714,ohc,four,146,mpfi,3.62,3.5,9.3,116,4800,24,30,11549
156,toyota,gas,std,two,convertible,Rear Wheel Drive,front,98.4,176.2,65.6,53,2975,ohc,four,146,mpfi,3.62,3.5,9.3,116,4800,24,30,17669
157,toyota,gas,std,four,sedan,Front Wheel Drive,front,102.4,175.6,66.5,54.9,2326,ohc,four,122,mpfi,3.31,3.54,8.7,92,4200,29,34,8948
158,toyota,diesel,turbo,four,sedan,Front Wheel Drive,front,102.4,175.6,66.5,54.9,2480,ohc,four,110,idi,3.27,3.35,22.5,73,4500,30,33,10698
159,toyota,gas,std,four,hatchback,Front Wheel Drive,front,102.4,175.6,66.5,53.9,2414,ohc,four,122,mpfi,3.31,3.54,8.7,92,4200,27,32,9988
160,toyota,gas,std,four,sedan,Front Wheel Drive,front,102.4,175.6,66.5,54.9,2414,ohc,four,122,mpfi,3.31,3.54,8.7,92,4200,27,32,10898
161,toyota,gas,std,four,hatchback,Front Wheel Drive,front,102.4,175.6,66.5,53.9,2458,ohc,four,122,mpfi,3.31,3.54,8.7,92,4200,27,32,11248
162,toyota,gas,std,two,hatchback,Rear Wheel Drive,front,102.9,183.5,67.7,52,2976,dohc,six,171,mpfi,3.27,3.35,9.3,161,5200,20,24,16558
163,toyota,gas,std,two,hatchback,Rear Wheel Drive,front,102.9,183.5,67.7,52,3016,dohc,six,171,mpfi,3.27,3.35,9.3,161,5200,19,24,15998
164,toyota,gas,std,four,sedan,Rear Wheel Drive,front,104.5,187.8,66.5,54.1,3131,dohc,six,171,mpfi,3.27,3.35,9.2,156,5200,20,24,15690
165,toyota,gas,std,four,wagon,Rear Wheel Drive,front,104.5,187.8,66.5,54.1,3151,dohc,six,161,mpfi,3.27,3.35,9.2,156,5200,19,24,15750
166,volkswagen,diesel,std,two,sedan,Front Wheel Drive,front,97.3,171.7,65.5,55.7,2261,ohc,four,97,idi,3.01,3.4,23,52,4800,37,46,7775
167,volkswagen,gas,std,two,sedan,Front Wheel Drive,front,97.3,171.7,65.5,55.7,2209,ohc,four,109,mpfi,3.19,3.4,9,85,5250,27,34,7975
168,volkswagen,diesel,std,four,sedan,Front Wheel Drive,front,97.3,171.7,65.5,55.7,2264,ohc,four,97,idi,3.01,3.4,23,52,4800,37,46,7995
169,volkswagen,gas,std,four,sedan,Front Wheel Drive,front,97.3,171.7,65.5,55.7,2212,ohc,four,109,mpfi,3.19,3.4,9,85,5250,27,34,8195
170,volkswagen,gas,std,four,sedan,Front Wheel Drive,front,97.3,171.7,65.5,55.7,2275,ohc,four,109,mpfi,3.19,3.4,9,85,5250,27,34,8495
171,volkswagen,diesel,turbo,four,sedan,Front Wheel Drive,front,97.3,171.7,65.5,55.7,2319,ohc,four,97,idi,3.01,3.4,23,68,4500,37,42,9495
172,volkswagen,gas,std,four,sedan,Front Wheel Drive,front,97.3,171.7,65.5,55.7,2300,ohc,four,109,mpfi,3.19,3.4,10,100,5500,26,32,9995
173,volkswagen,gas,std,two,convertible,Front Wheel Drive,front,94.5,159.3,64.2,55.6,2254,ohc,four,109,mpfi,3.19,3.4,8.5,90,5500,24,29,11595
174,volkswagen,gas,std,two,hatchback,Front Wheel Drive,front,94.5,165.7,64,51.4,2221,ohc,four,109,mpfi,3.19,3.4,8.5,90,5500,24,29,9980
175,volkswagen,gas,std,four,sedan,Front Wheel Drive,front,100.4,180.2,66.9,55.1,2661,ohc,five,136,mpfi,3.19,3.4,8.5,110,5500,19,24,13295
176,volkswagen,diesel,turbo,four,sedan,Front Wheel Drive,front,100.4,180.2,66.9,55.1,2579,ohc,four,97,idi,3.01,3.4,23,68,4500,33,38,13845
177,volkswagen,gas,std,four,wagon,Front Wheel Drive,front,100.4,183.1,66.9,55.1,2563,ohc,four,109,mpfi,3.19,3.4,9,88,5500,25,31,12290
178,volvo,gas,std,four,sedan,Rear Wheel Drive,front,104.3,188.8,67.2,56.2,2912,ohc,four,141,mpfi,3.78,3.15,9.5,114,5400,23,28,12940
179,volvo,gas,std,four,wagon,Rear Wheel Drive,front,104.3,188.8,67.2,57.5,3034,ohc,four,141,mpfi,3.78,3.15,9.5,114,5400,23,28,13415
180,volvo,gas,std,four,sedan,Rear Wheel Drive,front,104.3,188.8,67.2,56.2,2935,ohc,four,141,mpfi,3.78,3.15,9.5,114,5400,24,28,15985
181,volvo,gas,std,four,wagon,Rear Wheel Drive,front,104.3,188.8,67.2,57.5,3042,ohc,four,141,mpfi,3.78,3.15,9.5,114,5400,24,28,16515
182,volvo,gas,turbo,four,sedan,Rear Wheel Drive,front,104.3,188.8,67.2,56.2,3045,ohc,four,130,mpfi,3.62,3.15,7.5,162,5100,17,22,18420
183,volvo,gas,turbo,four,wagon,Rear Wheel Drive,front,104.3,188.8,67.2,57.5,3157,ohc,four,130,mpfi,3.62,3.15,7.5,162,5100,17,22,18950
184,volvo,gas,std,four,sedan,Rear Wheel Drive,front,109.1,188.8,68.9,55.5,2952,ohc,four,141,mpfi,3.78,3.15,9.5,114,5400,23,28,16845
185,volvo,gas,turbo,four,sedan,Rear Wheel Drive,front,109.1,188.8,68.8,55.5,3049,ohc,four,141,mpfi,3.78,3.15,8.7,160,5300,19,25,19045
186,volvo,gas,std,four,sedan,Rear Wheel Drive,front,109.1,188.8,68.9,55.5,3012,ohcv,six,173,mpfi,3.58,2.87,8.8,134,5500,18,23,21485
187,volvo,diesel,turbo,four,sedan,Rear Wheel Drive,front,109.1,188.8,68.9,55.5,3217,ohc,six,145,idi,3.01,3.4,23,106,4800,26,27,22470
188,volvo,gas,turbo,four,sedan,Rear Wheel Drive,front,109.1,188.8,68.9,55.5,3062,ohc,four,141,mpfi,3.78,3.15,9.5,114,5400,19,25,22625
